"Cell","Group"
"Cell1","Group1"
"Cell2","Group1"
"Cell3","Group1"
"Cell4","Group1"
"Cell5","Group1"
"Cell6","Group1"
"Cell7","Group1"
"Cell8","Group1"
"Cell9","Group1"
"Cell10","Group1"
"Cell11","Group1"
"Cell12","Group1"
"Cell13","Group1"
"Cell14","Group1"
"Cell15","Group1"
"Cell16","Group1"
"Cell17","Group1"
"Cell18","Group1"
"Cell19","Group1"
"Cell20","Group1"
"Cell21","Group1"
"Cell22","Group1"
"Cell23","Group1"
"Cell24","Group1"
"Cell25","Group1"
"Cell26","Group1"
"Cell27","Group1"
"Cell28","Group1"
"Cell29","Group1"
"Cell30","Group1"
"Cell31","Group1"
"Cell32","Group1"
"Cell33","Group1"
"Cell34","Group1"
"Cell35","Group1"
"Cell36","Group1"
"Cell37","Group1"
"Cell38","Group1"
"Cell39","Group1"
"Cell40","Group1"
"Cell41","Group1"
"Cell42","Group1"
"Cell43","Group1"
"Cell44","Group1"
"Cell45","Group1"
"Cell46","Group1"
"Cell47","Group1"
"Cell48","Group1"
"Cell49","Group1"
"Cell50","Group1"
"Cell51","Group1"
"Cell52","Group1"
"Cell53","Group1"
"Cell54","Group1"
"Cell55","Group1"
"Cell56","Group1"
"Cell57","Group1"
"Cell58","Group1"
"Cell59","Group1"
"Cell60","Group1"
"Cell61","Group1"
"Cell62","Group1"
"Cell63","Group1"
"Cell64","Group1"
"Cell65","Group1"
"Cell66","Group1"
"Cell67","Group1"
"Cell68","Group1"
"Cell69","Group1"
"Cell70","Group1"
"Cell71","Group1"
"Cell72","Group1"
"Cell73","Group1"
"Cell74","Group1"
"Cell75","Group1"
"Cell76","Group1"
"Cell77","Group1"
"Cell78","Group1"
"Cell79","Group1"
"Cell80","Group1"
"Cell81","Group1"
"Cell82","Group1"
"Cell83","Group1"
"Cell84","Group1"
"Cell85","Group1"
"Cell86","Group1"
"Cell87","Group1"
"Cell88","Group1"
"Cell89","Group1"
"Cell90","Group1"
"Cell91","Group1"
"Cell92","Group1"
"Cell93","Group1"
"Cell94","Group1"
"Cell95","Group1"
"Cell96","Group1"
"Cell97","Group1"
"Cell98","Group1"
"Cell99","Group1"
"Cell100","Group1"
"Cell101","Group1"
"Cell102","Group1"
"Cell103","Group1"
"Cell104","Group1"
"Cell105","Group1"
"Cell106","Group1"
"Cell107","Group1"
"Cell108","Group1"
"Cell109","Group1"
"Cell110","Group1"
"Cell111","Group1"
"Cell112","Group1"
"Cell113","Group1"
"Cell114","Group1"
"Cell115","Group1"
"Cell116","Group1"
"Cell117","Group1"
"Cell118","Group1"
"Cell119","Group1"
"Cell120","Group1"
"Cell121","Group1"
"Cell122","Group1"
"Cell123","Group1"
"Cell124","Group1"
"Cell125","Group1"
"Cell126","Group1"
"Cell127","Group1"
"Cell128","Group1"
"Cell129","Group1"
"Cell130","Group1"
"Cell131","Group1"
"Cell132","Group1"
"Cell133","Group2"
"Cell134","Group1"
"Cell135","Group1"
"Cell136","Group1"
"Cell137","Group1"
"Cell138","Group1"
"Cell139","Group1"
"Cell140","Group1"
"Cell141","Group1"
"Cell142","Group1"
"Cell143","Group1"
"Cell144","Group1"
"Cell145","Group1"
"Cell146","Group1"
"Cell147","Group1"
"Cell148","Group1"
"Cell149","Group1"
"Cell150","Group1"
"Cell151","Group1"
"Cell152","Group1"
"Cell153","Group1"
"Cell154","Group1"
"Cell155","Group1"
"Cell156","Group1"
"Cell157","Group1"
"Cell158","Group1"
"Cell159","Group1"
"Cell160","Group1"
"Cell161","Group1"
"Cell162","Group1"
"Cell163","Group1"
"Cell164","Group1"
"Cell165","Group1"
"Cell166","Group1"
"Cell167","Group1"
"Cell168","Group1"
"Cell169","Group1"
"Cell170","Group1"
"Cell171","Group1"
"Cell172","Group1"
"Cell173","Group1"
"Cell174","Group1"
"Cell175","Group1"
"Cell176","Group1"
"Cell177","Group1"
"Cell178","Group1"
"Cell179","Group1"
"Cell180","Group1"
"Cell181","Group1"
"Cell182","Group1"
"Cell183","Group1"
"Cell184","Group1"
"Cell185","Group1"
"Cell186","Group1"
"Cell187","Group1"
"Cell188","Group1"
"Cell189","Group1"
"Cell190","Group1"
"Cell191","Group1"
"Cell192","Group1"
"Cell193","Group1"
"Cell194","Group1"
"Cell195","Group1"
"Cell196","Group1"
"Cell197","Group1"
"Cell198","Group1"
"Cell199","Group1"
"Cell200","Group1"
"Cell201","Group1"
"Cell202","Group1"
"Cell203","Group1"
"Cell204","Group1"
"Cell205","Group1"
"Cell206","Group1"
"Cell207","Group1"
"Cell208","Group1"
"Cell209","Group1"
"Cell210","Group1"
"Cell211","Group1"
"Cell212","Group1"
"Cell213","Group1"
"Cell214","Group1"
"Cell215","Group1"
"Cell216","Group1"
"Cell217","Group1"
"Cell218","Group1"
"Cell219","Group1"
"Cell220","Group1"
"Cell221","Group1"
"Cell222","Group1"
"Cell223","Group1"
"Cell224","Group1"
"Cell225","Group1"
"Cell226","Group1"
"Cell227","Group1"
"Cell228","Group1"
"Cell229","Group1"
"Cell230","Group1"
"Cell231","Group1"
"Cell232","Group1"
"Cell233","Group1"
"Cell234","Group1"
"Cell235","Group1"
"Cell236","Group1"
"Cell237","Group1"
"Cell238","Group1"
"Cell239","Group1"
"Cell240","Group1"
"Cell241","Group1"
"Cell242","Group1"
"Cell243","Group1"
"Cell244","Group1"
"Cell245","Group1"
"Cell246","Group1"
"Cell247","Group1"
"Cell248","Group1"
"Cell249","Group1"
"Cell250","Group1"
"Cell251","Group1"
"Cell252","Group1"
"Cell253","Group1"
"Cell254","Group1"
"Cell255","Group1"
"Cell256","Group1"
"Cell257","Group1"
"Cell258","Group1"
"Cell259","Group1"
"Cell260","Group1"
"Cell261","Group1"
"Cell262","Group1"
"Cell263","Group1"
"Cell264","Group1"
"Cell265","Group1"
"Cell266","Group1"
"Cell267","Group1"
"Cell268","Group1"
"Cell269","Group1"
"Cell270","Group1"
"Cell271","Group1"
"Cell272","Group1"
"Cell273","Group1"
"Cell274","Group1"
"Cell275","Group1"
"Cell276","Group1"
"Cell277","Group1"
"Cell278","Group1"
"Cell279","Group1"
"Cell280","Group1"
"Cell281","Group1"
"Cell282","Group1"
"Cell283","Group1"
"Cell284","Group1"
"Cell285","Group1"
"Cell286","Group1"
"Cell287","Group1"
"Cell288","Group1"
"Cell289","Group2"
"Cell290","Group1"
"Cell291","Group1"
"Cell292","Group1"
"Cell293","Group1"
"Cell294","Group1"
"Cell295","Group1"
"Cell296","Group1"
"Cell297","Group1"
"Cell298","Group1"
"Cell299","Group1"
"Cell300","Group1"
"Cell301","Group1"
"Cell302","Group1"
"Cell303","Group1"
"Cell304","Group1"
"Cell305","Group1"
"Cell306","Group1"
"Cell307","Group1"
"Cell308","Group1"
"Cell309","Group1"
"Cell310","Group1"
"Cell311","Group1"
"Cell312","Group1"
"Cell313","Group1"
"Cell314","Group1"
"Cell315","Group1"
"Cell316","Group1"
"Cell317","Group1"
"Cell318","Group1"
"Cell319","Group1"
"Cell320","Group1"
"Cell321","Group1"
"Cell322","Group1"
"Cell323","Group1"
"Cell324","Group1"
"Cell325","Group1"
"Cell326","Group1"
"Cell327","Group1"
"Cell328","Group1"
"Cell329","Group1"
"Cell330","Group1"
"Cell331","Group1"
"Cell332","Group1"
"Cell333","Group1"
"Cell334","Group1"
"Cell335","Group1"
"Cell336","Group1"
"Cell337","Group1"
"Cell338","Group1"
"Cell339","Group1"
"Cell340","Group1"
"Cell341","Group1"
"Cell342","Group1"
"Cell343","Group1"
"Cell344","Group1"
"Cell345","Group1"
"Cell346","Group1"
"Cell347","Group1"
"Cell348","Group1"
"Cell349","Group1"
"Cell350","Group1"
"Cell351","Group1"
"Cell352","Group1"
"Cell353","Group1"
"Cell354","Group1"
"Cell355","Group1"
"Cell356","Group1"
"Cell357","Group1"
"Cell358","Group1"
"Cell359","Group1"
"Cell360","Group1"
"Cell361","Group1"
"Cell362","Group1"
"Cell363","Group1"
"Cell364","Group1"
"Cell365","Group1"
"Cell366","Group1"
"Cell367","Group1"
"Cell368","Group1"
"Cell369","Group1"
"Cell370","Group1"
"Cell371","Group1"
"Cell372","Group1"
"Cell373","Group1"
"Cell374","Group1"
"Cell375","Group1"
"Cell376","Group1"
"Cell377","Group1"
"Cell378","Group1"
"Cell379","Group1"
"Cell380","Group1"
"Cell381","Group1"
"Cell382","Group1"
"Cell383","Group1"
"Cell384","Group1"
"Cell385","Group1"
"Cell386","Group1"
"Cell387","Group1"
"Cell388","Group1"
"Cell389","Group1"
"Cell390","Group1"
"Cell391","Group1"
"Cell392","Group1"
"Cell393","Group1"
"Cell394","Group1"
"Cell395","Group1"
"Cell396","Group1"
"Cell397","Group1"
"Cell398","Group1"
"Cell399","Group1"
"Cell400","Group1"
"Cell401","Group1"
"Cell402","Group1"
"Cell403","Group1"
"Cell404","Group1"
"Cell405","Group1"
"Cell406","Group1"
"Cell407","Group1"
"Cell408","Group1"
"Cell409","Group1"
"Cell410","Group1"
"Cell411","Group1"
"Cell412","Group1"
"Cell413","Group1"
"Cell414","Group1"
"Cell415","Group1"
"Cell416","Group1"
"Cell417","Group1"
"Cell418","Group1"
"Cell419","Group1"
"Cell420","Group1"
"Cell421","Group1"
"Cell422","Group1"
"Cell423","Group1"
"Cell424","Group1"
"Cell425","Group1"
"Cell426","Group1"
"Cell427","Group1"
"Cell428","Group1"
"Cell429","Group1"
"Cell430","Group1"
"Cell431","Group1"
"Cell432","Group1"
"Cell433","Group1"
"Cell434","Group1"
"Cell435","Group1"
"Cell436","Group1"
"Cell437","Group1"
"Cell438","Group1"
"Cell439","Group1"
"Cell440","Group1"
"Cell441","Group1"
"Cell442","Group1"
"Cell443","Group1"
"Cell444","Group1"
"Cell445","Group1"
"Cell446","Group1"
"Cell447","Group1"
"Cell448","Group1"
"Cell449","Group1"
"Cell450","Group1"
"Cell451","Group1"
"Cell452","Group1"
"Cell453","Group1"
"Cell454","Group1"
"Cell455","Group1"
"Cell456","Group1"
"Cell457","Group1"
"Cell458","Group1"
"Cell459","Group1"
"Cell460","Group1"
"Cell461","Group1"
"Cell462","Group1"
"Cell463","Group1"
"Cell464","Group1"
"Cell465","Group1"
"Cell466","Group1"
"Cell467","Group1"
"Cell468","Group1"
"Cell469","Group1"
"Cell470","Group1"
"Cell471","Group1"
"Cell472","Group1"
"Cell473","Group1"
"Cell474","Group1"
"Cell475","Group1"
"Cell476","Group1"
"Cell477","Group1"
"Cell478","Group1"
"Cell479","Group1"
"Cell480","Group1"
"Cell481","Group1"
"Cell482","Group1"
"Cell483","Group1"
"Cell484","Group1"
"Cell485","Group1"
"Cell486","Group1"
"Cell487","Group1"
"Cell488","Group1"
"Cell489","Group1"
"Cell490","Group1"
"Cell491","Group1"
"Cell492","Group2"
"Cell493","Group1"
"Cell494","Group1"
"Cell495","Group1"
"Cell496","Group1"
"Cell497","Group1"
"Cell498","Group1"
"Cell499","Group1"
"Cell500","Group1"
"Cell501","Group1"
"Cell502","Group1"
"Cell503","Group1"
"Cell504","Group1"
"Cell505","Group1"
"Cell506","Group1"
"Cell507","Group1"
"Cell508","Group1"
"Cell509","Group1"
"Cell510","Group1"
"Cell511","Group1"
"Cell512","Group2"
"Cell513","Group1"
"Cell514","Group1"
"Cell515","Group1"
"Cell516","Group1"
"Cell517","Group1"
"Cell518","Group1"
"Cell519","Group1"
"Cell520","Group1"
"Cell521","Group1"
"Cell522","Group1"
"Cell523","Group1"
"Cell524","Group1"
"Cell525","Group1"
"Cell526","Group1"
"Cell527","Group1"
"Cell528","Group1"
"Cell529","Group1"
"Cell530","Group1"
"Cell531","Group1"
"Cell532","Group1"
"Cell533","Group1"
"Cell534","Group1"
"Cell535","Group1"
"Cell536","Group1"
"Cell537","Group1"
"Cell538","Group1"
"Cell539","Group1"
"Cell540","Group1"
"Cell541","Group1"
"Cell542","Group1"
"Cell543","Group1"
"Cell544","Group1"
"Cell545","Group1"
"Cell546","Group1"
"Cell547","Group1"
"Cell548","Group1"
"Cell549","Group1"
"Cell550","Group1"
"Cell551","Group1"
"Cell552","Group1"
"Cell553","Group1"
"Cell554","Group1"
"Cell555","Group2"
"Cell556","Group1"
"Cell557","Group1"
"Cell558","Group1"
"Cell559","Group1"
"Cell560","Group1"
"Cell561","Group1"
"Cell562","Group1"
"Cell563","Group1"
"Cell564","Group1"
"Cell565","Group1"
"Cell566","Group1"
"Cell567","Group1"
"Cell568","Group1"
"Cell569","Group1"
"Cell570","Group1"
"Cell571","Group1"
"Cell572","Group1"
"Cell573","Group1"
"Cell574","Group1"
"Cell575","Group1"
"Cell576","Group1"
"Cell577","Group1"
"Cell578","Group1"
"Cell579","Group1"
"Cell580","Group1"
"Cell581","Group1"
"Cell582","Group1"
"Cell583","Group1"
"Cell584","Group1"
"Cell585","Group1"
"Cell586","Group1"
"Cell587","Group1"
"Cell588","Group1"
"Cell589","Group1"
"Cell590","Group1"
"Cell591","Group1"
"Cell592","Group1"
"Cell593","Group1"
"Cell594","Group1"
"Cell595","Group1"
"Cell596","Group1"
"Cell597","Group1"
"Cell598","Group1"
"Cell599","Group1"
"Cell600","Group1"
"Cell601","Group1"
"Cell602","Group1"
"Cell603","Group1"
"Cell604","Group1"
"Cell605","Group1"
"Cell606","Group1"
"Cell607","Group1"
"Cell608","Group1"
"Cell609","Group1"
"Cell610","Group1"
"Cell611","Group1"
"Cell612","Group1"
"Cell613","Group1"
"Cell614","Group1"
"Cell615","Group1"
"Cell616","Group1"
"Cell617","Group1"
"Cell618","Group1"
"Cell619","Group1"
"Cell620","Group1"
"Cell621","Group1"
"Cell622","Group1"
"Cell623","Group1"
"Cell624","Group1"
"Cell625","Group1"
"Cell626","Group1"
"Cell627","Group1"
"Cell628","Group1"
"Cell629","Group1"
"Cell630","Group1"
"Cell631","Group1"
"Cell632","Group1"
"Cell633","Group1"
"Cell634","Group1"
"Cell635","Group1"
"Cell636","Group1"
"Cell637","Group1"
"Cell638","Group1"
"Cell639","Group1"
"Cell640","Group1"
"Cell641","Group1"
"Cell642","Group1"
"Cell643","Group1"
"Cell644","Group1"
"Cell645","Group1"
"Cell646","Group1"
"Cell647","Group1"
"Cell648","Group1"
"Cell649","Group1"
"Cell650","Group1"
"Cell651","Group1"
"Cell652","Group1"
"Cell653","Group1"
"Cell654","Group1"
"Cell655","Group1"
"Cell656","Group1"
"Cell657","Group1"
"Cell658","Group1"
"Cell659","Group1"
"Cell660","Group1"
"Cell661","Group1"
"Cell662","Group1"
"Cell663","Group1"
"Cell664","Group1"
"Cell665","Group1"
"Cell666","Group1"
"Cell667","Group1"
"Cell668","Group1"
"Cell669","Group1"
"Cell670","Group1"
"Cell671","Group1"
"Cell672","Group1"
"Cell673","Group1"
"Cell674","Group1"
"Cell675","Group1"
"Cell676","Group1"
"Cell677","Group1"
"Cell678","Group1"
"Cell679","Group1"
"Cell680","Group1"
"Cell681","Group1"
"Cell682","Group1"
"Cell683","Group1"
"Cell684","Group1"
"Cell685","Group1"
"Cell686","Group1"
"Cell687","Group1"
"Cell688","Group1"
"Cell689","Group1"
"Cell690","Group1"
"Cell691","Group1"
"Cell692","Group1"
"Cell693","Group1"
"Cell694","Group1"
"Cell695","Group1"
"Cell696","Group1"
"Cell697","Group1"
"Cell698","Group1"
"Cell699","Group1"
"Cell700","Group1"
"Cell701","Group1"
"Cell702","Group1"
"Cell703","Group1"
"Cell704","Group1"
"Cell705","Group1"
"Cell706","Group1"
"Cell707","Group1"
"Cell708","Group1"
"Cell709","Group1"
"Cell710","Group1"
"Cell711","Group1"
"Cell712","Group1"
"Cell713","Group1"
"Cell714","Group1"
"Cell715","Group1"
"Cell716","Group1"
"Cell717","Group1"
"Cell718","Group1"
"Cell719","Group1"
"Cell720","Group1"
"Cell721","Group1"
"Cell722","Group1"
"Cell723","Group1"
"Cell724","Group1"
"Cell725","Group1"
"Cell726","Group1"
"Cell727","Group1"
"Cell728","Group1"
"Cell729","Group1"
"Cell730","Group1"
"Cell731","Group1"
"Cell732","Group1"
"Cell733","Group1"
"Cell734","Group1"
"Cell735","Group1"
"Cell736","Group1"
"Cell737","Group1"
"Cell738","Group1"
"Cell739","Group1"
"Cell740","Group1"
"Cell741","Group1"
"Cell742","Group1"
"Cell743","Group1"
"Cell744","Group1"
"Cell745","Group1"
"Cell746","Group1"
"Cell747","Group1"
"Cell748","Group1"
"Cell749","Group1"
"Cell750","Group1"
"Cell751","Group1"
"Cell752","Group1"
"Cell753","Group1"
"Cell754","Group1"
"Cell755","Group1"
"Cell756","Group1"
"Cell757","Group1"
"Cell758","Group1"
"Cell759","Group1"
"Cell760","Group1"
"Cell761","Group1"
"Cell762","Group1"
"Cell763","Group2"
"Cell764","Group1"
"Cell765","Group1"
"Cell766","Group1"
"Cell767","Group1"
"Cell768","Group1"
"Cell769","Group1"
"Cell770","Group1"
"Cell771","Group1"
"Cell772","Group1"
"Cell773","Group1"
"Cell774","Group2"
"Cell775","Group1"
"Cell776","Group1"
"Cell777","Group1"
"Cell778","Group1"
"Cell779","Group1"
"Cell780","Group1"
"Cell781","Group1"
"Cell782","Group1"
"Cell783","Group1"
"Cell784","Group1"
"Cell785","Group1"
"Cell786","Group1"
"Cell787","Group1"
"Cell788","Group1"
"Cell789","Group1"
"Cell790","Group1"
"Cell791","Group1"
"Cell792","Group1"
"Cell793","Group1"
"Cell794","Group1"
"Cell795","Group1"
"Cell796","Group1"
"Cell797","Group1"
"Cell798","Group1"
"Cell799","Group2"
"Cell800","Group1"
"Cell801","Group1"
"Cell802","Group1"
"Cell803","Group1"
"Cell804","Group1"
"Cell805","Group1"
"Cell806","Group1"
"Cell807","Group1"
"Cell808","Group1"
"Cell809","Group1"
"Cell810","Group1"
"Cell811","Group1"
"Cell812","Group1"
"Cell813","Group1"
"Cell814","Group1"
"Cell815","Group1"
"Cell816","Group1"
"Cell817","Group1"
"Cell818","Group1"
"Cell819","Group1"
"Cell820","Group1"
"Cell821","Group1"
"Cell822","Group1"
"Cell823","Group1"
"Cell824","Group1"
"Cell825","Group1"
"Cell826","Group1"
"Cell827","Group1"
"Cell828","Group1"
"Cell829","Group1"
"Cell830","Group1"
"Cell831","Group1"
"Cell832","Group1"
"Cell833","Group1"
"Cell834","Group1"
"Cell835","Group1"
"Cell836","Group1"
"Cell837","Group1"
"Cell838","Group1"
"Cell839","Group1"
"Cell840","Group1"
"Cell841","Group1"
"Cell842","Group1"
"Cell843","Group1"
"Cell844","Group1"
"Cell845","Group1"
"Cell846","Group1"
"Cell847","Group1"
"Cell848","Group1"
"Cell849","Group1"
"Cell850","Group1"
"Cell851","Group1"
"Cell852","Group1"
"Cell853","Group1"
"Cell854","Group1"
"Cell855","Group1"
"Cell856","Group1"
"Cell857","Group1"
"Cell858","Group1"
"Cell859","Group1"
"Cell860","Group1"
"Cell861","Group1"
"Cell862","Group1"
"Cell863","Group1"
"Cell864","Group1"
"Cell865","Group1"
"Cell866","Group1"
"Cell867","Group1"
"Cell868","Group1"
"Cell869","Group1"
"Cell870","Group1"
"Cell871","Group1"
"Cell872","Group1"
"Cell873","Group1"
"Cell874","Group1"
"Cell875","Group1"
"Cell876","Group1"
"Cell877","Group1"
"Cell878","Group1"
"Cell879","Group1"
"Cell880","Group1"
"Cell881","Group1"
"Cell882","Group1"
"Cell883","Group1"
"Cell884","Group1"
"Cell885","Group1"
"Cell886","Group1"
"Cell887","Group1"
"Cell888","Group1"
"Cell889","Group1"
"Cell890","Group1"
"Cell891","Group1"
"Cell892","Group2"
"Cell893","Group1"
"Cell894","Group1"
"Cell895","Group1"
"Cell896","Group1"
"Cell897","Group1"
"Cell898","Group1"
"Cell899","Group1"
"Cell900","Group1"
"Cell901","Group1"
"Cell902","Group1"
"Cell903","Group1"
"Cell904","Group1"
"Cell905","Group1"
"Cell906","Group1"
"Cell907","Group1"
"Cell908","Group1"
"Cell909","Group1"
"Cell910","Group1"
"Cell911","Group1"
"Cell912","Group1"
"Cell913","Group1"
"Cell914","Group1"
"Cell915","Group1"
"Cell916","Group2"
"Cell917","Group1"
"Cell918","Group1"
"Cell919","Group1"
"Cell920","Group1"
"Cell921","Group1"
"Cell922","Group2"
"Cell923","Group1"
"Cell924","Group1"
"Cell925","Group1"
"Cell926","Group1"
"Cell927","Group1"
"Cell928","Group1"
"Cell929","Group1"
"Cell930","Group1"
"Cell931","Group1"
"Cell932","Group1"
"Cell933","Group1"
"Cell934","Group1"
"Cell935","Group1"
"Cell936","Group1"
"Cell937","Group1"
"Cell938","Group1"
"Cell939","Group1"
"Cell940","Group1"
"Cell941","Group1"
"Cell942","Group1"
"Cell943","Group1"
"Cell944","Group1"
"Cell945","Group1"
"Cell946","Group1"
"Cell947","Group1"
"Cell948","Group1"
"Cell949","Group1"
"Cell950","Group1"
"Cell951","Group1"
"Cell952","Group1"
"Cell953","Group1"
"Cell954","Group1"
"Cell955","Group1"
"Cell956","Group1"
"Cell957","Group1"
"Cell958","Group1"
"Cell959","Group1"
"Cell960","Group1"
"Cell961","Group1"
"Cell962","Group1"
"Cell963","Group1"
"Cell964","Group1"
"Cell965","Group1"
"Cell966","Group1"
"Cell967","Group1"
"Cell968","Group1"
"Cell969","Group1"
"Cell970","Group1"
"Cell971","Group1"
"Cell972","Group1"
"Cell973","Group1"
"Cell974","Group1"
"Cell975","Group1"
"Cell976","Group1"
"Cell977","Group1"
"Cell978","Group1"
"Cell979","Group1"
"Cell980","Group1"
"Cell981","Group1"
"Cell982","Group1"
"Cell983","Group1"
"Cell984","Group1"
"Cell985","Group1"
"Cell986","Group1"
"Cell987","Group1"
"Cell988","Group1"
"Cell989","Group1"
"Cell990","Group1"
"Cell991","Group1"
"Cell992","Group1"
"Cell993","Group1"
"Cell994","Group1"
"Cell995","Group1"
"Cell996","Group1"
"Cell997","Group1"
"Cell998","Group1"
"Cell999","Group1"
"Cell1000","Group1"
"Cell1001","Group1"
"Cell1002","Group1"
"Cell1003","Group1"
"Cell1004","Group1"
"Cell1005","Group1"
"Cell1006","Group1"
"Cell1007","Group1"
"Cell1008","Group1"
"Cell1009","Group1"
"Cell1010","Group1"
"Cell1011","Group1"
"Cell1012","Group1"
"Cell1013","Group1"
"Cell1014","Group1"
"Cell1015","Group1"
"Cell1016","Group1"
"Cell1017","Group1"
"Cell1018","Group1"
"Cell1019","Group1"
"Cell1020","Group1"
"Cell1021","Group1"
"Cell1022","Group1"
"Cell1023","Group1"
"Cell1024","Group1"
"Cell1025","Group1"
"Cell1026","Group1"
"Cell1027","Group1"
"Cell1028","Group1"
"Cell1029","Group1"
"Cell1030","Group1"
"Cell1031","Group1"
"Cell1032","Group1"
"Cell1033","Group1"
"Cell1034","Group1"
"Cell1035","Group1"
"Cell1036","Group1"
"Cell1037","Group1"
"Cell1038","Group1"
"Cell1039","Group1"
"Cell1040","Group1"
"Cell1041","Group1"
"Cell1042","Group1"
"Cell1043","Group1"
"Cell1044","Group1"
"Cell1045","Group1"
"Cell1046","Group1"
"Cell1047","Group1"
"Cell1048","Group1"
"Cell1049","Group1"
"Cell1050","Group1"
"Cell1051","Group1"
"Cell1052","Group1"
"Cell1053","Group1"
"Cell1054","Group1"
"Cell1055","Group1"
"Cell1056","Group1"
"Cell1057","Group1"
"Cell1058","Group1"
"Cell1059","Group1"
"Cell1060","Group1"
"Cell1061","Group1"
"Cell1062","Group1"
"Cell1063","Group1"
"Cell1064","Group1"
"Cell1065","Group1"
"Cell1066","Group1"
"Cell1067","Group1"
"Cell1068","Group1"
"Cell1069","Group1"
"Cell1070","Group1"
"Cell1071","Group1"
"Cell1072","Group1"
"Cell1073","Group1"
"Cell1074","Group1"
"Cell1075","Group1"
"Cell1076","Group1"
"Cell1077","Group1"
"Cell1078","Group1"
"Cell1079","Group1"
"Cell1080","Group1"
"Cell1081","Group1"
"Cell1082","Group1"
"Cell1083","Group1"
"Cell1084","Group1"
"Cell1085","Group1"
"Cell1086","Group1"
"Cell1087","Group1"
"Cell1088","Group1"
"Cell1089","Group1"
"Cell1090","Group1"
"Cell1091","Group1"
"Cell1092","Group1"
"Cell1093","Group1"
"Cell1094","Group1"
"Cell1095","Group1"
"Cell1096","Group1"
"Cell1097","Group1"
"Cell1098","Group1"
"Cell1099","Group1"
"Cell1100","Group1"
"Cell1101","Group1"
"Cell1102","Group1"
"Cell1103","Group1"
"Cell1104","Group1"
"Cell1105","Group1"
"Cell1106","Group1"
"Cell1107","Group1"
"Cell1108","Group1"
"Cell1109","Group1"
"Cell1110","Group1"
"Cell1111","Group1"
"Cell1112","Group1"
"Cell1113","Group1"
"Cell1114","Group1"
"Cell1115","Group1"
"Cell1116","Group1"
"Cell1117","Group1"
"Cell1118","Group1"
"Cell1119","Group1"
"Cell1120","Group1"
"Cell1121","Group1"
"Cell1122","Group1"
"Cell1123","Group1"
"Cell1124","Group1"
"Cell1125","Group1"
"Cell1126","Group1"
"Cell1127","Group1"
"Cell1128","Group1"
"Cell1129","Group1"
"Cell1130","Group1"
"Cell1131","Group1"
"Cell1132","Group1"
"Cell1133","Group1"
"Cell1134","Group1"
"Cell1135","Group1"
"Cell1136","Group1"
"Cell1137","Group1"
"Cell1138","Group1"
"Cell1139","Group1"
"Cell1140","Group2"
"Cell1141","Group1"
"Cell1142","Group1"
"Cell1143","Group1"
"Cell1144","Group1"
"Cell1145","Group1"
"Cell1146","Group1"
"Cell1147","Group1"
"Cell1148","Group1"
"Cell1149","Group1"
"Cell1150","Group1"
"Cell1151","Group1"
"Cell1152","Group1"
"Cell1153","Group1"
"Cell1154","Group1"
"Cell1155","Group1"
"Cell1156","Group1"
"Cell1157","Group1"
"Cell1158","Group1"
"Cell1159","Group1"
"Cell1160","Group1"
"Cell1161","Group1"
"Cell1162","Group1"
"Cell1163","Group1"
"Cell1164","Group1"
"Cell1165","Group1"
"Cell1166","Group1"
"Cell1167","Group1"
"Cell1168","Group1"
"Cell1169","Group1"
"Cell1170","Group1"
"Cell1171","Group1"
"Cell1172","Group1"
"Cell1173","Group1"
"Cell1174","Group1"
"Cell1175","Group1"
"Cell1176","Group1"
"Cell1177","Group1"
"Cell1178","Group2"
"Cell1179","Group1"
"Cell1180","Group1"
"Cell1181","Group1"
"Cell1182","Group1"
"Cell1183","Group1"
"Cell1184","Group1"
"Cell1185","Group1"
"Cell1186","Group1"
"Cell1187","Group1"
"Cell1188","Group1"
"Cell1189","Group1"
"Cell1190","Group1"
"Cell1191","Group1"
"Cell1192","Group1"
"Cell1193","Group1"
"Cell1194","Group1"
"Cell1195","Group1"
"Cell1196","Group1"
"Cell1197","Group1"
"Cell1198","Group1"
"Cell1199","Group1"
"Cell1200","Group2"
"Cell1201","Group1"
"Cell1202","Group1"
"Cell1203","Group1"
"Cell1204","Group1"
"Cell1205","Group1"
"Cell1206","Group1"
"Cell1207","Group1"
"Cell1208","Group1"
"Cell1209","Group1"
"Cell1210","Group1"
"Cell1211","Group1"
"Cell1212","Group1"
"Cell1213","Group1"
"Cell1214","Group1"
"Cell1215","Group1"
"Cell1216","Group1"
"Cell1217","Group1"
"Cell1218","Group1"
"Cell1219","Group1"
"Cell1220","Group1"
"Cell1221","Group1"
"Cell1222","Group1"
"Cell1223","Group1"
"Cell1224","Group1"
"Cell1225","Group1"
"Cell1226","Group1"
"Cell1227","Group1"
"Cell1228","Group1"
"Cell1229","Group2"
"Cell1230","Group1"
"Cell1231","Group1"
"Cell1232","Group1"
"Cell1233","Group1"
"Cell1234","Group1"
"Cell1235","Group1"
"Cell1236","Group1"
"Cell1237","Group1"
"Cell1238","Group1"
"Cell1239","Group1"
"Cell1240","Group1"
"Cell1241","Group1"
"Cell1242","Group1"
"Cell1243","Group1"
"Cell1244","Group1"
"Cell1245","Group1"
"Cell1246","Group1"
"Cell1247","Group1"
"Cell1248","Group1"
"Cell1249","Group1"
"Cell1250","Group1"
"Cell1251","Group1"
"Cell1252","Group1"
"Cell1253","Group1"
"Cell1254","Group1"
"Cell1255","Group1"
"Cell1256","Group1"
"Cell1257","Group1"
"Cell1258","Group1"
"Cell1259","Group1"
"Cell1260","Group1"
"Cell1261","Group1"
"Cell1262","Group1"
"Cell1263","Group1"
"Cell1264","Group1"
"Cell1265","Group1"
"Cell1266","Group1"
"Cell1267","Group1"
"Cell1268","Group1"
"Cell1269","Group1"
"Cell1270","Group1"
"Cell1271","Group1"
"Cell1272","Group1"
"Cell1273","Group1"
"Cell1274","Group2"
"Cell1275","Group1"
"Cell1276","Group1"
"Cell1277","Group1"
"Cell1278","Group1"
"Cell1279","Group1"
"Cell1280","Group1"
"Cell1281","Group1"
"Cell1282","Group1"
"Cell1283","Group1"
"Cell1284","Group1"
"Cell1285","Group1"
"Cell1286","Group1"
"Cell1287","Group1"
"Cell1288","Group1"
"Cell1289","Group1"
"Cell1290","Group1"
"Cell1291","Group1"
"Cell1292","Group1"
"Cell1293","Group1"
"Cell1294","Group1"
"Cell1295","Group1"
"Cell1296","Group1"
"Cell1297","Group1"
"Cell1298","Group1"
"Cell1299","Group1"
"Cell1300","Group1"
"Cell1301","Group1"
"Cell1302","Group1"
"Cell1303","Group1"
"Cell1304","Group1"
"Cell1305","Group1"
"Cell1306","Group1"
"Cell1307","Group1"
"Cell1308","Group1"
"Cell1309","Group1"
"Cell1310","Group1"
"Cell1311","Group1"
"Cell1312","Group1"
"Cell1313","Group1"
"Cell1314","Group1"
"Cell1315","Group1"
"Cell1316","Group1"
"Cell1317","Group1"
"Cell1318","Group1"
"Cell1319","Group1"
"Cell1320","Group1"
"Cell1321","Group1"
"Cell1322","Group1"
"Cell1323","Group1"
"Cell1324","Group1"
"Cell1325","Group1"
"Cell1326","Group1"
"Cell1327","Group1"
"Cell1328","Group1"
"Cell1329","Group1"
"Cell1330","Group1"
"Cell1331","Group1"
"Cell1332","Group1"
"Cell1333","Group1"
"Cell1334","Group1"
"Cell1335","Group1"
"Cell1336","Group1"
"Cell1337","Group1"
"Cell1338","Group1"
"Cell1339","Group1"
"Cell1340","Group1"
"Cell1341","Group1"
"Cell1342","Group1"
"Cell1343","Group1"
"Cell1344","Group1"
"Cell1345","Group1"
"Cell1346","Group1"
"Cell1347","Group1"
"Cell1348","Group1"
"Cell1349","Group1"
"Cell1350","Group1"
"Cell1351","Group1"
"Cell1352","Group1"
"Cell1353","Group1"
"Cell1354","Group1"
"Cell1355","Group1"
"Cell1356","Group1"
"Cell1357","Group1"
"Cell1358","Group1"
"Cell1359","Group1"
"Cell1360","Group1"
"Cell1361","Group1"
"Cell1362","Group1"
"Cell1363","Group1"
"Cell1364","Group1"
"Cell1365","Group1"
"Cell1366","Group1"
"Cell1367","Group1"
"Cell1368","Group1"
"Cell1369","Group1"
"Cell1370","Group1"
"Cell1371","Group1"
"Cell1372","Group1"
"Cell1373","Group1"
"Cell1374","Group1"
"Cell1375","Group1"
"Cell1376","Group1"
"Cell1377","Group1"
"Cell1378","Group1"
"Cell1379","Group1"
"Cell1380","Group1"
"Cell1381","Group1"
"Cell1382","Group1"
"Cell1383","Group1"
"Cell1384","Group1"
"Cell1385","Group1"
"Cell1386","Group1"
"Cell1387","Group1"
"Cell1388","Group1"
"Cell1389","Group1"
"Cell1390","Group1"
"Cell1391","Group1"
"Cell1392","Group1"
"Cell1393","Group1"
"Cell1394","Group1"
"Cell1395","Group1"
"Cell1396","Group1"
"Cell1397","Group1"
"Cell1398","Group1"
"Cell1399","Group1"
"Cell1400","Group1"
"Cell1401","Group1"
"Cell1402","Group1"
"Cell1403","Group1"
"Cell1404","Group1"
"Cell1405","Group1"
"Cell1406","Group1"
"Cell1407","Group1"
"Cell1408","Group1"
"Cell1409","Group1"
"Cell1410","Group1"
"Cell1411","Group1"
"Cell1412","Group1"
"Cell1413","Group1"
"Cell1414","Group1"
"Cell1415","Group1"
"Cell1416","Group1"
"Cell1417","Group1"
"Cell1418","Group1"
"Cell1419","Group1"
"Cell1420","Group1"
"Cell1421","Group1"
"Cell1422","Group1"
"Cell1423","Group1"
"Cell1424","Group1"
"Cell1425","Group1"
"Cell1426","Group1"
"Cell1427","Group1"
"Cell1428","Group1"
"Cell1429","Group1"
"Cell1430","Group1"
"Cell1431","Group1"
"Cell1432","Group1"
"Cell1433","Group1"
"Cell1434","Group1"
"Cell1435","Group1"
"Cell1436","Group1"
"Cell1437","Group1"
"Cell1438","Group1"
"Cell1439","Group1"
"Cell1440","Group1"
"Cell1441","Group1"
"Cell1442","Group1"
"Cell1443","Group1"
"Cell1444","Group1"
"Cell1445","Group1"
"Cell1446","Group1"
"Cell1447","Group1"
"Cell1448","Group1"
"Cell1449","Group1"
"Cell1450","Group1"
"Cell1451","Group1"
"Cell1452","Group1"
"Cell1453","Group1"
"Cell1454","Group1"
"Cell1455","Group1"
"Cell1456","Group1"
"Cell1457","Group1"
"Cell1458","Group1"
"Cell1459","Group1"
"Cell1460","Group1"
"Cell1461","Group1"
"Cell1462","Group1"
"Cell1463","Group1"
"Cell1464","Group1"
"Cell1465","Group1"
"Cell1466","Group1"
"Cell1467","Group1"
"Cell1468","Group1"
"Cell1469","Group1"
"Cell1470","Group1"
"Cell1471","Group1"
"Cell1472","Group1"
"Cell1473","Group1"
"Cell1474","Group1"
"Cell1475","Group1"
"Cell1476","Group1"
"Cell1477","Group1"
"Cell1478","Group1"
"Cell1479","Group1"
"Cell1480","Group1"
"Cell1481","Group1"
"Cell1482","Group1"
"Cell1483","Group1"
"Cell1484","Group1"
"Cell1485","Group1"
"Cell1486","Group1"
"Cell1487","Group1"
"Cell1488","Group1"
"Cell1489","Group1"
"Cell1490","Group1"
"Cell1491","Group1"
"Cell1492","Group1"
"Cell1493","Group1"
"Cell1494","Group1"
"Cell1495","Group1"
"Cell1496","Group1"
"Cell1497","Group1"
"Cell1498","Group1"
"Cell1499","Group1"
"Cell1500","Group1"
"Cell1501","Group1"
"Cell1502","Group2"
"Cell1503","Group1"
"Cell1504","Group1"
"Cell1505","Group1"
"Cell1506","Group1"
"Cell1507","Group1"
"Cell1508","Group1"
"Cell1509","Group1"
"Cell1510","Group1"
"Cell1511","Group1"
"Cell1512","Group1"
"Cell1513","Group1"
"Cell1514","Group1"
"Cell1515","Group1"
"Cell1516","Group1"
"Cell1517","Group1"
"Cell1518","Group1"
"Cell1519","Group1"
"Cell1520","Group1"
"Cell1521","Group2"
"Cell1522","Group1"
"Cell1523","Group1"
"Cell1524","Group1"
"Cell1525","Group1"
"Cell1526","Group1"
"Cell1527","Group1"
"Cell1528","Group1"
"Cell1529","Group1"
"Cell1530","Group1"
"Cell1531","Group1"
"Cell1532","Group1"
"Cell1533","Group1"
"Cell1534","Group1"
"Cell1535","Group1"
"Cell1536","Group1"
"Cell1537","Group1"
"Cell1538","Group1"
"Cell1539","Group1"
"Cell1540","Group1"
"Cell1541","Group1"
"Cell1542","Group1"
"Cell1543","Group1"
"Cell1544","Group1"
"Cell1545","Group1"
"Cell1546","Group1"
"Cell1547","Group1"
"Cell1548","Group1"
"Cell1549","Group1"
"Cell1550","Group1"
"Cell1551","Group1"
"Cell1552","Group1"
"Cell1553","Group1"
"Cell1554","Group1"
"Cell1555","Group1"
"Cell1556","Group1"
"Cell1557","Group1"
"Cell1558","Group1"
"Cell1559","Group1"
"Cell1560","Group1"
"Cell1561","Group1"
"Cell1562","Group1"
"Cell1563","Group1"
"Cell1564","Group1"
"Cell1565","Group1"
"Cell1566","Group1"
"Cell1567","Group1"
"Cell1568","Group1"
"Cell1569","Group1"
"Cell1570","Group1"
"Cell1571","Group1"
"Cell1572","Group1"
"Cell1573","Group1"
"Cell1574","Group1"
"Cell1575","Group1"
"Cell1576","Group1"
"Cell1577","Group1"
"Cell1578","Group1"
"Cell1579","Group1"
"Cell1580","Group1"
"Cell1581","Group1"
"Cell1582","Group1"
"Cell1583","Group1"
"Cell1584","Group1"
"Cell1585","Group1"
"Cell1586","Group1"
"Cell1587","Group1"
"Cell1588","Group1"
"Cell1589","Group1"
"Cell1590","Group1"
"Cell1591","Group1"
"Cell1592","Group1"
"Cell1593","Group1"
"Cell1594","Group1"
"Cell1595","Group1"
"Cell1596","Group1"
"Cell1597","Group1"
"Cell1598","Group1"
"Cell1599","Group1"
"Cell1600","Group1"
"Cell1601","Group1"
"Cell1602","Group1"
"Cell1603","Group1"
"Cell1604","Group1"
"Cell1605","Group1"
"Cell1606","Group1"
"Cell1607","Group1"
"Cell1608","Group1"
"Cell1609","Group1"
"Cell1610","Group1"
"Cell1611","Group1"
"Cell1612","Group1"
"Cell1613","Group1"
"Cell1614","Group1"
"Cell1615","Group1"
"Cell1616","Group1"
"Cell1617","Group1"
"Cell1618","Group1"
"Cell1619","Group1"
"Cell1620","Group1"
"Cell1621","Group1"
"Cell1622","Group1"
"Cell1623","Group1"
"Cell1624","Group1"
"Cell1625","Group1"
"Cell1626","Group1"
"Cell1627","Group1"
"Cell1628","Group1"
"Cell1629","Group1"
"Cell1630","Group1"
"Cell1631","Group1"
"Cell1632","Group1"
"Cell1633","Group1"
"Cell1634","Group1"
"Cell1635","Group1"
"Cell1636","Group1"
"Cell1637","Group1"
"Cell1638","Group1"
"Cell1639","Group1"
"Cell1640","Group1"
"Cell1641","Group1"
"Cell1642","Group1"
"Cell1643","Group1"
"Cell1644","Group1"
"Cell1645","Group1"
"Cell1646","Group1"
"Cell1647","Group1"
"Cell1648","Group1"
"Cell1649","Group1"
"Cell1650","Group1"
"Cell1651","Group1"
"Cell1652","Group1"
"Cell1653","Group1"
"Cell1654","Group1"
"Cell1655","Group1"
"Cell1656","Group1"
"Cell1657","Group1"
"Cell1658","Group1"
"Cell1659","Group1"
"Cell1660","Group1"
"Cell1661","Group1"
"Cell1662","Group1"
"Cell1663","Group1"
"Cell1664","Group1"
"Cell1665","Group1"
"Cell1666","Group1"
"Cell1667","Group1"
"Cell1668","Group1"
"Cell1669","Group1"
"Cell1670","Group1"
"Cell1671","Group1"
"Cell1672","Group1"
"Cell1673","Group1"
"Cell1674","Group1"
"Cell1675","Group1"
"Cell1676","Group1"
"Cell1677","Group1"
"Cell1678","Group1"
"Cell1679","Group1"
"Cell1680","Group1"
"Cell1681","Group1"
"Cell1682","Group1"
"Cell1683","Group1"
"Cell1684","Group1"
"Cell1685","Group1"
"Cell1686","Group1"
"Cell1687","Group1"
"Cell1688","Group1"
"Cell1689","Group1"
"Cell1690","Group1"
"Cell1691","Group1"
"Cell1692","Group1"
"Cell1693","Group1"
"Cell1694","Group1"
"Cell1695","Group1"
"Cell1696","Group1"
"Cell1697","Group1"
"Cell1698","Group1"
"Cell1699","Group1"
"Cell1700","Group1"
"Cell1701","Group1"
"Cell1702","Group1"
"Cell1703","Group1"
"Cell1704","Group1"
"Cell1705","Group1"
"Cell1706","Group1"
"Cell1707","Group1"
"Cell1708","Group1"
"Cell1709","Group1"
"Cell1710","Group1"
"Cell1711","Group1"
"Cell1712","Group1"
"Cell1713","Group1"
"Cell1714","Group1"
"Cell1715","Group1"
"Cell1716","Group1"
"Cell1717","Group1"
"Cell1718","Group1"
"Cell1719","Group1"
"Cell1720","Group1"
"Cell1721","Group1"
"Cell1722","Group1"
"Cell1723","Group1"
"Cell1724","Group1"
"Cell1725","Group1"
"Cell1726","Group1"
"Cell1727","Group1"
"Cell1728","Group1"
"Cell1729","Group1"
"Cell1730","Group1"
"Cell1731","Group1"
"Cell1732","Group1"
"Cell1733","Group1"
"Cell1734","Group1"
"Cell1735","Group1"
"Cell1736","Group1"
"Cell1737","Group1"
"Cell1738","Group1"
"Cell1739","Group1"
"Cell1740","Group1"
"Cell1741","Group1"
"Cell1742","Group1"
"Cell1743","Group1"
"Cell1744","Group1"
"Cell1745","Group1"
"Cell1746","Group1"
"Cell1747","Group1"
"Cell1748","Group1"
"Cell1749","Group1"
"Cell1750","Group1"
"Cell1751","Group1"
"Cell1752","Group1"
"Cell1753","Group1"
"Cell1754","Group1"
"Cell1755","Group1"
"Cell1756","Group1"
"Cell1757","Group1"
"Cell1758","Group1"
"Cell1759","Group1"
"Cell1760","Group1"
"Cell1761","Group1"
"Cell1762","Group1"
"Cell1763","Group1"
"Cell1764","Group1"
"Cell1765","Group1"
"Cell1766","Group1"
"Cell1767","Group1"
"Cell1768","Group1"
"Cell1769","Group1"
"Cell1770","Group1"
"Cell1771","Group1"
"Cell1772","Group1"
"Cell1773","Group1"
"Cell1774","Group1"
"Cell1775","Group1"
"Cell1776","Group1"
"Cell1777","Group1"
"Cell1778","Group1"
"Cell1779","Group1"
"Cell1780","Group1"
"Cell1781","Group1"
"Cell1782","Group1"
"Cell1783","Group1"
"Cell1784","Group1"
"Cell1785","Group1"
"Cell1786","Group1"
"Cell1787","Group1"
"Cell1788","Group1"
"Cell1789","Group1"
"Cell1790","Group1"
"Cell1791","Group1"
"Cell1792","Group1"
"Cell1793","Group1"
"Cell1794","Group1"
"Cell1795","Group1"
"Cell1796","Group1"
"Cell1797","Group1"
"Cell1798","Group1"
"Cell1799","Group1"
"Cell1800","Group1"
"Cell1801","Group1"
"Cell1802","Group1"
"Cell1803","Group1"
"Cell1804","Group1"
"Cell1805","Group1"
"Cell1806","Group1"
"Cell1807","Group1"
"Cell1808","Group1"
"Cell1809","Group1"
"Cell1810","Group1"
"Cell1811","Group1"
"Cell1812","Group1"
"Cell1813","Group1"
"Cell1814","Group1"
"Cell1815","Group1"
"Cell1816","Group1"
"Cell1817","Group1"
"Cell1818","Group1"
"Cell1819","Group1"
"Cell1820","Group1"
"Cell1821","Group1"
"Cell1822","Group1"
"Cell1823","Group1"
"Cell1824","Group1"
"Cell1825","Group1"
"Cell1826","Group1"
"Cell1827","Group1"
"Cell1828","Group1"
"Cell1829","Group1"
"Cell1830","Group1"
"Cell1831","Group1"
"Cell1832","Group1"
"Cell1833","Group1"
"Cell1834","Group1"
"Cell1835","Group1"
"Cell1836","Group1"
"Cell1837","Group1"
"Cell1838","Group1"
"Cell1839","Group1"
"Cell1840","Group1"
"Cell1841","Group1"
"Cell1842","Group1"
"Cell1843","Group1"
"Cell1844","Group1"
"Cell1845","Group1"
"Cell1846","Group1"
"Cell1847","Group1"
"Cell1848","Group1"
"Cell1849","Group1"
"Cell1850","Group1"
"Cell1851","Group1"
"Cell1852","Group1"
"Cell1853","Group1"
"Cell1854","Group1"
"Cell1855","Group1"
"Cell1856","Group1"
"Cell1857","Group1"
"Cell1858","Group1"
"Cell1859","Group1"
"Cell1860","Group1"
"Cell1861","Group1"
"Cell1862","Group1"
"Cell1863","Group1"
"Cell1864","Group1"
"Cell1865","Group1"
"Cell1866","Group1"
"Cell1867","Group1"
"Cell1868","Group1"
"Cell1869","Group1"
"Cell1870","Group1"
"Cell1871","Group1"
"Cell1872","Group1"
"Cell1873","Group1"
"Cell1874","Group1"
"Cell1875","Group1"
"Cell1876","Group1"
"Cell1877","Group1"
"Cell1878","Group1"
"Cell1879","Group1"
"Cell1880","Group1"
"Cell1881","Group1"
"Cell1882","Group1"
"Cell1883","Group1"
"Cell1884","Group1"
"Cell1885","Group1"
"Cell1886","Group1"
"Cell1887","Group1"
"Cell1888","Group1"
"Cell1889","Group1"
"Cell1890","Group1"
"Cell1891","Group1"
"Cell1892","Group1"
"Cell1893","Group1"
"Cell1894","Group1"
"Cell1895","Group1"
"Cell1896","Group1"
"Cell1897","Group1"
"Cell1898","Group1"
"Cell1899","Group1"
"Cell1900","Group1"
"Cell1901","Group1"
"Cell1902","Group1"
"Cell1903","Group1"
"Cell1904","Group1"
"Cell1905","Group1"
"Cell1906","Group1"
"Cell1907","Group1"
"Cell1908","Group1"
"Cell1909","Group1"
"Cell1910","Group1"
"Cell1911","Group2"
"Cell1912","Group1"
"Cell1913","Group1"
"Cell1914","Group1"
"Cell1915","Group1"
"Cell1916","Group1"
"Cell1917","Group1"
"Cell1918","Group1"
"Cell1919","Group1"
"Cell1920","Group1"
"Cell1921","Group1"
"Cell1922","Group1"
"Cell1923","Group1"
"Cell1924","Group1"
"Cell1925","Group1"
"Cell1926","Group1"
"Cell1927","Group1"
"Cell1928","Group1"
"Cell1929","Group1"
"Cell1930","Group1"
"Cell1931","Group1"
"Cell1932","Group1"
"Cell1933","Group1"
"Cell1934","Group1"
"Cell1935","Group1"
"Cell1936","Group1"
"Cell1937","Group1"
"Cell1938","Group1"
"Cell1939","Group1"
"Cell1940","Group1"
"Cell1941","Group1"
"Cell1942","Group1"
"Cell1943","Group1"
"Cell1944","Group1"
"Cell1945","Group1"
"Cell1946","Group1"
"Cell1947","Group1"
"Cell1948","Group1"
"Cell1949","Group1"
"Cell1950","Group1"
"Cell1951","Group1"
"Cell1952","Group1"
"Cell1953","Group1"
"Cell1954","Group1"
"Cell1955","Group1"
"Cell1956","Group1"
"Cell1957","Group1"
"Cell1958","Group1"
"Cell1959","Group1"
"Cell1960","Group1"
"Cell1961","Group1"
"Cell1962","Group1"
"Cell1963","Group1"
"Cell1964","Group1"
"Cell1965","Group1"
"Cell1966","Group1"
"Cell1967","Group1"
"Cell1968","Group1"
"Cell1969","Group1"
"Cell1970","Group1"
"Cell1971","Group1"
"Cell1972","Group1"
"Cell1973","Group1"
"Cell1974","Group1"
"Cell1975","Group1"
"Cell1976","Group1"
"Cell1977","Group1"
"Cell1978","Group1"
"Cell1979","Group1"
"Cell1980","Group1"
"Cell1981","Group1"
"Cell1982","Group1"
"Cell1983","Group1"
"Cell1984","Group1"
"Cell1985","Group1"
"Cell1986","Group1"
"Cell1987","Group1"
"Cell1988","Group1"
"Cell1989","Group1"
"Cell1990","Group2"
"Cell1991","Group1"
"Cell1992","Group1"
"Cell1993","Group1"
"Cell1994","Group1"
"Cell1995","Group1"
"Cell1996","Group1"
"Cell1997","Group1"
"Cell1998","Group1"
"Cell1999","Group1"
"Cell2000","Group1"
"Cell2001","Group1"
"Cell2002","Group1"
"Cell2003","Group1"
"Cell2004","Group1"
"Cell2005","Group1"
"Cell2006","Group1"
"Cell2007","Group1"
"Cell2008","Group1"
"Cell2009","Group1"
"Cell2010","Group1"
"Cell2011","Group1"
"Cell2012","Group1"
"Cell2013","Group1"
"Cell2014","Group1"
"Cell2015","Group1"
"Cell2016","Group1"
"Cell2017","Group1"
"Cell2018","Group1"
"Cell2019","Group1"
"Cell2020","Group1"
"Cell2021","Group1"
"Cell2022","Group1"
"Cell2023","Group1"
"Cell2024","Group1"
"Cell2025","Group1"
"Cell2026","Group1"
"Cell2027","Group1"
"Cell2028","Group1"
"Cell2029","Group1"
"Cell2030","Group1"
"Cell2031","Group1"
"Cell2032","Group1"
"Cell2033","Group1"
"Cell2034","Group1"
"Cell2035","Group1"
"Cell2036","Group1"
"Cell2037","Group1"
"Cell2038","Group1"
"Cell2039","Group1"
"Cell2040","Group1"
"Cell2041","Group1"
"Cell2042","Group1"
"Cell2043","Group1"
"Cell2044","Group1"
"Cell2045","Group1"
"Cell2046","Group1"
"Cell2047","Group1"
"Cell2048","Group1"
"Cell2049","Group1"
"Cell2050","Group1"
"Cell2051","Group1"
"Cell2052","Group1"
"Cell2053","Group1"
"Cell2054","Group1"
"Cell2055","Group1"
"Cell2056","Group1"
"Cell2057","Group1"
"Cell2058","Group1"
"Cell2059","Group1"
"Cell2060","Group1"
"Cell2061","Group1"
"Cell2062","Group1"
"Cell2063","Group1"
"Cell2064","Group1"
"Cell2065","Group1"
"Cell2066","Group1"
"Cell2067","Group1"
"Cell2068","Group1"
"Cell2069","Group1"
"Cell2070","Group1"
"Cell2071","Group1"
"Cell2072","Group1"
"Cell2073","Group1"
"Cell2074","Group1"
"Cell2075","Group1"
"Cell2076","Group1"
"Cell2077","Group1"
"Cell2078","Group1"
"Cell2079","Group1"
"Cell2080","Group1"
"Cell2081","Group1"
"Cell2082","Group1"
"Cell2083","Group1"
"Cell2084","Group1"
"Cell2085","Group1"
"Cell2086","Group1"
"Cell2087","Group1"
"Cell2088","Group1"
"Cell2089","Group1"
"Cell2090","Group1"
"Cell2091","Group1"
"Cell2092","Group1"
"Cell2093","Group1"
"Cell2094","Group1"
"Cell2095","Group1"
"Cell2096","Group1"
"Cell2097","Group1"
"Cell2098","Group1"
"Cell2099","Group1"
"Cell2100","Group1"
"Cell2101","Group1"
"Cell2102","Group1"
"Cell2103","Group1"
"Cell2104","Group1"
"Cell2105","Group1"
"Cell2106","Group1"
"Cell2107","Group1"
"Cell2108","Group1"
"Cell2109","Group1"
"Cell2110","Group1"
"Cell2111","Group1"
"Cell2112","Group1"
"Cell2113","Group2"
"Cell2114","Group1"
"Cell2115","Group1"
"Cell2116","Group1"
"Cell2117","Group1"
"Cell2118","Group1"
"Cell2119","Group1"
"Cell2120","Group1"
"Cell2121","Group1"
"Cell2122","Group1"
"Cell2123","Group1"
"Cell2124","Group1"
"Cell2125","Group1"
"Cell2126","Group1"
"Cell2127","Group1"
"Cell2128","Group1"
"Cell2129","Group1"
"Cell2130","Group1"
"Cell2131","Group1"
"Cell2132","Group1"
"Cell2133","Group1"
"Cell2134","Group1"
"Cell2135","Group1"
"Cell2136","Group1"
"Cell2137","Group1"
"Cell2138","Group1"
"Cell2139","Group1"
"Cell2140","Group1"
"Cell2141","Group1"
"Cell2142","Group1"
"Cell2143","Group1"
"Cell2144","Group1"
"Cell2145","Group1"
"Cell2146","Group1"
"Cell2147","Group1"
"Cell2148","Group1"
"Cell2149","Group1"
"Cell2150","Group1"
"Cell2151","Group1"
"Cell2152","Group1"
"Cell2153","Group1"
"Cell2154","Group1"
"Cell2155","Group1"
"Cell2156","Group1"
"Cell2157","Group1"
"Cell2158","Group1"
"Cell2159","Group1"
"Cell2160","Group1"
"Cell2161","Group1"
"Cell2162","Group1"
"Cell2163","Group1"
"Cell2164","Group1"
"Cell2165","Group1"
"Cell2166","Group1"
"Cell2167","Group1"
"Cell2168","Group1"
"Cell2169","Group1"
"Cell2170","Group1"
"Cell2171","Group1"
"Cell2172","Group1"
"Cell2173","Group1"
"Cell2174","Group1"
"Cell2175","Group1"
"Cell2176","Group1"
"Cell2177","Group1"
"Cell2178","Group1"
"Cell2179","Group1"
"Cell2180","Group1"
"Cell2181","Group1"
"Cell2182","Group1"
"Cell2183","Group1"
"Cell2184","Group1"
"Cell2185","Group1"
"Cell2186","Group1"
"Cell2187","Group1"
"Cell2188","Group1"
"Cell2189","Group1"
"Cell2190","Group1"
"Cell2191","Group1"
"Cell2192","Group1"
"Cell2193","Group1"
"Cell2194","Group1"
"Cell2195","Group1"
"Cell2196","Group1"
"Cell2197","Group1"
"Cell2198","Group1"
"Cell2199","Group1"
"Cell2200","Group1"
"Cell2201","Group1"
"Cell2202","Group1"
"Cell2203","Group1"
"Cell2204","Group1"
"Cell2205","Group1"
"Cell2206","Group1"
"Cell2207","Group1"
"Cell2208","Group1"
"Cell2209","Group1"
"Cell2210","Group1"
"Cell2211","Group1"
"Cell2212","Group1"
"Cell2213","Group1"
"Cell2214","Group1"
"Cell2215","Group1"
"Cell2216","Group1"
"Cell2217","Group1"
"Cell2218","Group1"
"Cell2219","Group1"
"Cell2220","Group1"
"Cell2221","Group1"
"Cell2222","Group1"
"Cell2223","Group1"
"Cell2224","Group1"
"Cell2225","Group1"
"Cell2226","Group1"
"Cell2227","Group1"
"Cell2228","Group1"
"Cell2229","Group1"
"Cell2230","Group1"
"Cell2231","Group1"
"Cell2232","Group1"
"Cell2233","Group1"
"Cell2234","Group1"
"Cell2235","Group1"
"Cell2236","Group1"
"Cell2237","Group1"
"Cell2238","Group1"
"Cell2239","Group1"
"Cell2240","Group1"
"Cell2241","Group1"
"Cell2242","Group1"
"Cell2243","Group1"
"Cell2244","Group1"
"Cell2245","Group1"
"Cell2246","Group1"
"Cell2247","Group1"
"Cell2248","Group1"
"Cell2249","Group1"
"Cell2250","Group1"
"Cell2251","Group1"
"Cell2252","Group1"
"Cell2253","Group1"
"Cell2254","Group1"
"Cell2255","Group1"
"Cell2256","Group1"
"Cell2257","Group1"
"Cell2258","Group1"
"Cell2259","Group1"
"Cell2260","Group1"
"Cell2261","Group1"
"Cell2262","Group1"
"Cell2263","Group2"
"Cell2264","Group1"
"Cell2265","Group1"
"Cell2266","Group1"
"Cell2267","Group1"
"Cell2268","Group1"
"Cell2269","Group1"
"Cell2270","Group1"
"Cell2271","Group1"
"Cell2272","Group1"
"Cell2273","Group1"
"Cell2274","Group1"
"Cell2275","Group1"
"Cell2276","Group1"
"Cell2277","Group1"
"Cell2278","Group1"
"Cell2279","Group1"
"Cell2280","Group1"
"Cell2281","Group1"
"Cell2282","Group1"
"Cell2283","Group1"
"Cell2284","Group1"
"Cell2285","Group1"
"Cell2286","Group1"
"Cell2287","Group1"
"Cell2288","Group1"
"Cell2289","Group1"
"Cell2290","Group1"
"Cell2291","Group1"
"Cell2292","Group1"
"Cell2293","Group1"
"Cell2294","Group1"
"Cell2295","Group1"
"Cell2296","Group1"
"Cell2297","Group1"
"Cell2298","Group1"
"Cell2299","Group1"
"Cell2300","Group1"
"Cell2301","Group1"
"Cell2302","Group1"
"Cell2303","Group1"
"Cell2304","Group1"
"Cell2305","Group1"
"Cell2306","Group2"
"Cell2307","Group1"
"Cell2308","Group1"
"Cell2309","Group1"
"Cell2310","Group1"
"Cell2311","Group1"
"Cell2312","Group1"
"Cell2313","Group1"
"Cell2314","Group1"
"Cell2315","Group1"
"Cell2316","Group1"
"Cell2317","Group1"
"Cell2318","Group1"
"Cell2319","Group1"
"Cell2320","Group1"
"Cell2321","Group1"
"Cell2322","Group1"
"Cell2323","Group1"
"Cell2324","Group1"
"Cell2325","Group1"
"Cell2326","Group1"
"Cell2327","Group1"
"Cell2328","Group1"
"Cell2329","Group1"
"Cell2330","Group1"
"Cell2331","Group1"
"Cell2332","Group1"
"Cell2333","Group1"
"Cell2334","Group1"
"Cell2335","Group1"
"Cell2336","Group1"
"Cell2337","Group1"
"Cell2338","Group1"
"Cell2339","Group1"
"Cell2340","Group1"
"Cell2341","Group1"
"Cell2342","Group1"
"Cell2343","Group1"
"Cell2344","Group1"
"Cell2345","Group1"
"Cell2346","Group1"
"Cell2347","Group1"
"Cell2348","Group1"
"Cell2349","Group1"
"Cell2350","Group1"
"Cell2351","Group1"
"Cell2352","Group1"
"Cell2353","Group1"
"Cell2354","Group1"
"Cell2355","Group1"
"Cell2356","Group1"
"Cell2357","Group1"
"Cell2358","Group1"
"Cell2359","Group1"
"Cell2360","Group1"
"Cell2361","Group1"
"Cell2362","Group1"
"Cell2363","Group1"
"Cell2364","Group1"
"Cell2365","Group1"
"Cell2366","Group1"
"Cell2367","Group1"
"Cell2368","Group1"
"Cell2369","Group1"
"Cell2370","Group1"
"Cell2371","Group1"
"Cell2372","Group1"
"Cell2373","Group1"
"Cell2374","Group1"
"Cell2375","Group1"
"Cell2376","Group1"
"Cell2377","Group1"
"Cell2378","Group1"
"Cell2379","Group1"
"Cell2380","Group1"
"Cell2381","Group1"
"Cell2382","Group1"
"Cell2383","Group1"
"Cell2384","Group1"
"Cell2385","Group1"
"Cell2386","Group1"
"Cell2387","Group1"
"Cell2388","Group1"
"Cell2389","Group1"
"Cell2390","Group1"
"Cell2391","Group1"
"Cell2392","Group1"
"Cell2393","Group1"
"Cell2394","Group1"
"Cell2395","Group1"
"Cell2396","Group1"
"Cell2397","Group1"
"Cell2398","Group1"
"Cell2399","Group1"
"Cell2400","Group1"
"Cell2401","Group1"
"Cell2402","Group1"
"Cell2403","Group1"
"Cell2404","Group1"
"Cell2405","Group1"
"Cell2406","Group1"
"Cell2407","Group1"
"Cell2408","Group1"
"Cell2409","Group1"
"Cell2410","Group1"
"Cell2411","Group1"
"Cell2412","Group1"
"Cell2413","Group1"
"Cell2414","Group1"
"Cell2415","Group1"
"Cell2416","Group1"
"Cell2417","Group1"
"Cell2418","Group1"
"Cell2419","Group1"
"Cell2420","Group1"
"Cell2421","Group1"
"Cell2422","Group1"
"Cell2423","Group1"
"Cell2424","Group1"
"Cell2425","Group1"
"Cell2426","Group1"
"Cell2427","Group1"
"Cell2428","Group1"
"Cell2429","Group1"
"Cell2430","Group1"
"Cell2431","Group1"
"Cell2432","Group1"
"Cell2433","Group1"
"Cell2434","Group1"
"Cell2435","Group1"
"Cell2436","Group1"
"Cell2437","Group1"
"Cell2438","Group1"
"Cell2439","Group1"
"Cell2440","Group1"
"Cell2441","Group1"
"Cell2442","Group1"
"Cell2443","Group1"
"Cell2444","Group1"
"Cell2445","Group1"
"Cell2446","Group1"
"Cell2447","Group1"
"Cell2448","Group1"
"Cell2449","Group1"
"Cell2450","Group1"
"Cell2451","Group1"
"Cell2452","Group1"
"Cell2453","Group1"
"Cell2454","Group1"
"Cell2455","Group1"
"Cell2456","Group1"
"Cell2457","Group1"
"Cell2458","Group1"
"Cell2459","Group1"
"Cell2460","Group1"
"Cell2461","Group1"
"Cell2462","Group1"
"Cell2463","Group1"
"Cell2464","Group1"
"Cell2465","Group1"
"Cell2466","Group1"
"Cell2467","Group1"
"Cell2468","Group1"
"Cell2469","Group1"
"Cell2470","Group1"
"Cell2471","Group1"
"Cell2472","Group1"
"Cell2473","Group1"
"Cell2474","Group1"
"Cell2475","Group1"
"Cell2476","Group1"
"Cell2477","Group1"
"Cell2478","Group1"
"Cell2479","Group1"
"Cell2480","Group1"
"Cell2481","Group1"
"Cell2482","Group1"
"Cell2483","Group1"
"Cell2484","Group1"
"Cell2485","Group1"
"Cell2486","Group1"
"Cell2487","Group1"
"Cell2488","Group1"
"Cell2489","Group1"
"Cell2490","Group1"
"Cell2491","Group1"
"Cell2492","Group1"
"Cell2493","Group1"
"Cell2494","Group1"
"Cell2495","Group1"
"Cell2496","Group1"
"Cell2497","Group1"
"Cell2498","Group1"
"Cell2499","Group1"
"Cell2500","Group1"
